,lineage,ncomph,ncompk,mdeg_l,dmdeg_l,mdeg_h,dmdeg_h,mcompmass_h,mcompmass_d,fdim0,cnumh,cnumk,area_l,area_h,circum_l,circum_h,circ0,circ1,asra0,asra1,line
0,/home/tjc54/datasets/group_parental/YM-P,0.00024392480343934475,484.5729788226414,0.5675335692184031,3348.4397993301845,1.2769355104937703,2326.7757308727523,1011017.8034754791,6237892867.465126,-52.45158190706195,0.00033483997202226956,3.747771269083912,704.7747629918831,664.500935614314,132.56083503468014,122.01024607072797,73.01056663240531,0.5646800746560713,92.4878450980972,2.6127206852034366,
1,/home/tjc54/datasets/group_parental/YMR-P,0.00026490438054433145,317.0676923173941,0.965447594740943,4403.204273428006,1.6771810180251499,1290.6631128456447,1895546.003598277,8727141184.213818,-46.42411179803026,0.00038109451581093,4.531681780896781,626.9623736552796,570.3074617672419,120.43391741834597,111.83186611033179,-221.1922717110061,0.6910474947150924,1248.0256317532799,2.332599657474378,
2,/home/tjc54/datasets/SCC_YM/p1/1.1,0.00023917541817495308,555.1110690129287,0.46205756734903725,2855.020152180367,1.1783866551818085,2875.6125504818015,1147710.367916273,7521069891.549592,-63.672122181705774,0.0004951693934808214,3.8024859895068244,863.2735154737874,788.4299352908836,155.75646346568178,134.26561819835084,415.2944770770138,0.4554285408008794,-2221.640565001538,3.278769547708652,r
3,/home/tjc54/datasets/SCC_YM/p1/1.2,0.0002414651847725065,483.1283307701001,0.5603600798519772,3299.412135435582,1.282607685845376,2478.568712511606,1468927.9590524996,9285298385.386803,-62.67746780402749,0.000394141679083647,3.771678954119066,904.4808551985661,756.3344801313829,153.24541009447353,129.83973494710088,341.41121171608404,0.48201977828402187,-632.297224207115,2.832434746934854,r
4,/home/tjc54/datasets/SCC_YM/p1/1.3,0.00025265835779643035,513.7842728644451,0.5364222337033253,2942.9194346412737,1.240809180094327,2692.1761364867393,1794649.5558437114,14326807723.081463,-55.47911101064264,0.000693586707869965,4.372831240870263,789.565149903353,697.1488181300546,141.87682558645594,128.4755478082016,-29.896694080955292,0.5877321816871339,-96.75976207354597,2.7658925353764094,r
5,/home/tjc54/datasets/SCC_YM/p1/1.4,0.00024507312723036524,529.3774826902425,0.4787304764742983,3033.4666219065134,1.182327157099395,2595.3068230942577,882623.3761457632,7355736579.47608,-49.51944339588791,-0.002118875522155914,-1.639493299654526,851.0356303048111,675.4787471900787,156.6503430359253,126.14774791041735,287.5872178772887,0.4609680267845356,-486.6360702079358,2.9386351501289845,r
6,/home/tjc54/datasets/SCC_YM/p1/1.5,0.0002597968413296147,528.8405812127245,0.5033940594771857,3039.693350021458,1.1582890319902241,2199.466430082847,856024.8048622427,6366143885.439589,-56.16636009745637,0.00017755960694261223,2.938858980891145,802.4528769901499,649.3019181186671,140.1823286294021,118.08280090357152,155.8721827811078,0.5610191171916318,-246.02132801273984,2.579648989989121,r
7,/home/tjc54/datasets/SCC_YM/p1/1.6,0.0002446172868876201,471.56063627949345,0.5771579472967293,3591.0246857275433,1.2901016862669255,2112.5252260340253,1310558.4662553365,9050404995.571918,-51.57687887064169,0.00048664259550379896,3.919631100278756,772.271993204952,607.6603500542607,143.34894755616133,115.86093866988104,236.2679992337795,0.5026473280531528,-487.06004551011813,2.868247654678385,r
8,/home/tjc54/datasets/SCC_YM/p1/10.1,0.00023863101734798923,599.2274148170709,0.41398272367911226,2943.0714174592167,1.171908676234225,3120.3362029816844,709356.4870222571,4927391311.889946,-49.28387538920205,0.0003499425908102196,3.677924962445891,780.9884448136809,692.8857755189574,143.672572122514,124.85314795178718,154.28536170606375,0.5344821188131105,-167.3928522328554,2.7342634745813084,r
9,/home/tjc54/datasets/SCC_YM/p1/10.2,0.00021883273452220897,582.4303889427582,0.41101175548425073,2722.667637958974,1.3690808739100613,4941.885309447509,473390.0857598218,3012203299.5389724,-50.039449651978515,0.00025232399455630183,3.278195411023132,803.2897551331174,556.0488794691796,147.07631875609573,110.15751536302609,237.9364848932688,0.5205665230455151,-443.69132826236313,2.7733668226568238,r
10,/home/tjc54/datasets/SCC_YM/p1/10.3,0.0002167253575648682,551.2624133213927,0.446304068871043,2827.516318250833,1.2590184903367587,3674.199053474891,673817.0745584882,4685950061.602552,-58.470232155012475,8.663873558687419e-06,2.1479580780954453,881.312212097289,768.5992413266459,164.8806656264546,94.52329538402098,193.52263629284278,0.49111404836906053,-288.05709772288526,2.7910859697757466,r
11,/home/tjc54/datasets/SCC_YM/p1/10.4,0.0002555620097377513,573.8884651363835,0.44583122534649205,2775.6513030722544,1.1180981510355201,2602.4841024399684,558673.5806609216,1790409036.8678577,-43.27461420884913,0.0003586870913463467,3.7560451619684248,933.1484002491931,660.3814578412428,162.66309726516675,125.65796004622763,233.02912683456287,0.4801298066270398,-420.4122042203017,2.9435690326790835,r
12,/home/tjc54/datasets/SCC_YM/p1/10.5,0.00022335134995535736,579.1381657045845,0.4018854903565316,2687.4253379447196,1.1789502423021256,3529.092677620033,716511.8851307653,4936520182.233406,-93.16575180840442,0.0003989953205419966,3.018981947358272,1022.2324512916946,1006.7818018748919,169.7890811380425,140.28411988155517,539.762031716415,0.43038983194260033,-1499.6953834701221,2.855431466554417,r
13,/home/tjc54/datasets/SCC_YM/p1/10.6,0.00025597699770081854,541.8127845990757,0.4838461683362127,3036.166296852041,1.202385829868705,2712.1509954078942,781091.1830298731,5776921968.946136,-41.26742645147376,0.00037378263794369057,3.9277369115054954,700.6815030574937,560.2766761572086,148.00387158643963,115.62140683670177,345.6360412048169,0.4307967448389511,-1485.4096768863287,3.45487790216369,r
14,/home/tjc54/datasets/SCC_YM/p1/11.1,0.00020036564743145235,542.9253075751475,0.4599264794229327,3239.9033680537354,1.5928496246477977,5823.481793745182,940445.5016226846,6696304979.656864,-56.2949344218,0.00023327833892863446,3.5155938624410834,800.5892010819978,694.098075467035,140.64383489426962,104.86031455262615,563.312014857662,0.5270281541315638,-2195.19520960618,2.8575224587231323,r
15,/home/tjc54/datasets/SCC_YM/p1/11.2,0.00023105332737808398,560.7685536304432,0.43700567321584954,2851.21022416665,1.1577389742385307,2914.656184014799,723200.5103600316,5324731891.770239,-93.82442344995034,0.0003103632446582025,3.4014630444886356,943.9000957690057,931.5749260155935,161.61718187771237,137.4447223278318,431.36781828038363,0.46145391030545296,-1098.9516056634752,2.756901322883149,r
16,/home/tjc54/datasets/SCC_YM/p1/11.3,0.00025740261936748937,520.4010334768989,0.5139405545560486,3097.695061029102,1.221818378034705,2565.327526800147,1165950.0878560264,10652124858.243904,-50.92787148176736,0.00043998365835621706,4.064273256578247,645.9687233922668,583.5503550385107,123.535947650728,112.63695109267049,15.177269880657823,0.619310549214391,21.60662837231482,2.5685876530831244,r
17,/home/tjc54/datasets/SCC_YM/p1/11.4,0.00023280057967953776,535.6781500110994,0.4844740245031918,2869.4611271297636,1.302090741485767,3671.4726087308354,727806.0072153538,4746706128.794569,-50.73500653593828,0.0003622481927680017,3.881176732039421,764.8655815881447,678.0251645850528,140.77304654282926,120.616363195854,79.7506947224778,0.5702512201542177,-189.85747853184657,2.6434025185949666,r
18,/home/tjc54/datasets/SCC_YM/p1/11.5,0.00021041093254487432,522.103820359941,0.49230851161104644,3159.5330558331075,1.2764997787690073,3113.997081430579,769385.4358752007,4687430653.55943,-75.07500297597025,0.00023942436433780167,3.323565892435054,877.9008006830439,1134.0606536929452,153.74515854952298,162.78943498823784,370.0526989985736,0.47864767532222713,-643.7437467493282,2.8021464517406516,r
19,/home/tjc54/datasets/SCC_YM/p1/11.6,0.00026868992390576826,580.2043816054562,0.5069156699249397,2974.8239205357045,1.1964154374015874,2541.174219277474,1720919.0013065157,11228496579.020882,-58.456833644417664,0.00039501521888686054,4.06894052169429,775.759077893957,607.1487279470582,137.21688201369366,109.01942632388634,270.9999036781986,0.5490208029292054,-1050.1671001696182,2.789282806397627,r
20,/home/tjc54/datasets/SCC_YM/p1/12.1,0.00023792836007328045,488.8497874963178,0.5417849026841105,3214.8862670997732,1.3246549644880365,3048.0742273316337,1501583.4235713026,10335075122.121078,-64.43080811981184,0.0015811396179007313,7.054856722235911,841.9556626909472,791.8152508459708,151.31963006496795,133.21408727033952,166.74509031773457,0.5200605920277639,-1237.1984570249929,3.122288410687532,r
21,/home/tjc54/datasets/SCC_YM/p1/12.2,0.00026061171817269373,605.0180638098952,0.43639854501730946,2636.0302603823575,1.1323993063597595,2931.975830357243,820249.1968452063,8024255307.143504,-51.1392092863478,-0.0001734900217636358,2.285732156600719,645.686664572637,581.7242252806271,121.37250986598083,110.10134306845703,-0.16727598728485799,0.6343363658419069,91.73196743105169,2.462945043035977,r
22,/home/tjc54/datasets/SCC_YM/p1/12.4,0.0002689505058030549,630.7645681364469,0.4264755800973245,2373.1041157107047,1.067423638200656,2754.4803491159473,781821.255130491,6980842629.763145,-60.60176805674523,0.00040897491270117786,3.9505090890644965,750.847906379761,604.5745507735692,139.01527703590503,107.90389293887431,259.54952175054314,0.5454649452575371,-847.5746788439158,2.7152690241303263,r
23,/home/tjc54/datasets/SCC_YM/p1/13.2,0.00022096182588658594,569.8030517933179,0.43158194467190364,2936.1608420188086,1.1985396510960808,3199.500809374609,396018.1448164004,2254658605.4641223,-66.29754161285574,0.0003172060757782501,3.3129876752599863,969.2018784524288,970.1091930161354,168.29600822596626,142.02130430085316,306.6004940677156,0.45961683794588226,-16.429953254807394,2.708712874812893,r
24,/home/tjc54/datasets/SCC_YM/p1/13.3,0.0002763294318983404,489.3503923788885,0.5836277836929665,2888.9713776600643,1.1989189251167376,2033.3577537301035,1014001.9944886573,5379252592.341242,-45.4949599129864,0.00047046012407629516,3.9401259977172414,715.3423424143176,604.264352270344,129.91950439685493,117.51949817571598,-144.69499173846066,0.6569545484428915,1143.1068580280723,2.3150327320210904,r
25,/home/tjc54/datasets/SCC_YM/p1/16.1,0.0001781767186471802,448.1815827172249,0.588850351880374,3770.0570918042113,1.6245499087763857,4515.539363363882,871941.0802463253,5354236664.64608,-59.119754620941734,0.0003196669398690962,3.1457602523285955,793.8658700945318,1017.0471877966336,145.87693649880975,153.55934878540288,755.3435143388268,0.41617795169176297,-3029.539565099856,3.2661988169388643,r
26,/home/tjc54/datasets/SCC_YM/p1/16.3,0.00021468730084427484,543.5954605374375,0.4449067799703092,2957.3827862089342,1.2799622574213818,3723.0610333996456,1030133.8340651768,6857928781.365847,-91.86710391912706,0.0003199739733529289,3.3340391053448903,983.8376460832847,966.7655160114126,168.73219220617665,137.75790083599378,516.7554768088162,0.43046758388012474,-1994.407332547415,3.0089579820839445,r
27,/home/tjc54/datasets/SCC_YM/p1/16.4,0.00024602638159033056,532.7452762210681,0.49030477179086684,2950.5842836643537,1.1804163317633254,2570.308196115313,1319648.1576208277,14191847516.722519,-73.30730215921693,0.00040406765499661666,3.558761365784031,863.6727546693116,766.3410220087433,150.08751988543418,128.11352667405342,226.32240195480796,0.5283900849573692,-632.7332017117214,2.711508183148057,r
28,/home/tjc54/datasets/SCC_YM/p1/16.5,0.00018828083462110807,525.6784510961878,0.4462401646544816,3438.434496543312,1.7026375534726337,6612.744614001903,992524.0500014676,6573412026.268168,-70.02882289696595,0.00030666395678794525,3.0927423142114954,894.5011900770721,1825.533252509166,162.4944346243802,130.00505831666976,-417.7073762433609,0.556975343377212,2225.4384456240205,2.907761677313047,r
29,/home/tjc54/datasets/SCC_YM/p1/2.1,0.00023429196649369692,528.3130890293378,0.4822271070522978,3285.6157772514134,1.2409500270272162,2784.167582547933,1260227.0314087817,9021358306.415546,-56.20211336094662,0.0024780651690638157,8.56634672770938,702.635784974448,727.652015416071,132.13979721625657,131.8728628609602,34.00172932838285,0.5854385664095492,273.2650091230246,2.564780630513288,r
30,/home/tjc54/datasets/SCC_YM/p1/2.2,0.0002667672430865215,514.2808442371239,0.540725038570753,3007.4843930104835,1.2136000380986462,2375.5156032126592,2040419.894190689,12838346536.806541,-75.51985001872288,0.00040932799431921715,3.680779041411591,1031.7292876624124,761.1764916736688,164.40777805015415,122.61329388690137,414.12776243773976,0.49087673470638704,-1963.5871562734924,3.068421986502498,r
31,/home/tjc54/datasets/SCC_YM/p1/2.3,0.00026313334397793276,498.17345374756087,0.5226757057360424,3253.898089697955,1.1420347353840823,1700.974147486364,780042.9172366377,4030540809.994317,-53.889787254984405,0.0004084111196883389,3.550429369059395,834.8942213141756,657.6933312767145,157.94661543485824,122.14891599528573,372.92385057983404,0.43049212891648997,-1192.7128155340647,3.1680405523954946,r
32,/home/tjc54/datasets/SCC_YM/p1/2.4,0.00025648074637743616,554.7516211225814,0.4624037606689577,2943.1049803775923,1.1593551954463956,2632.5064978419105,1097780.2099513288,7218811914.145237,-56.206415243472954,0.0009212309694241004,4.785734860880735,668.4155174150948,627.0551113617989,129.81143950830582,115.50392047531263,118.99836392007408,0.5763849011670025,-544.6214447417477,2.7345685917356923,r
33,/home/tjc54/datasets/SCC_YM/p1/2.5,0.00025463655202698644,536.3406413256423,0.4958875827436817,3209.0582515791048,1.2006036458266767,2428.670253084856,995511.5183724338,6423068743.443737,-45.14397977685603,0.0003994513002712661,4.027175842097858,671.6700244965004,591.9743722800451,130.28241248759204,113.74134223336135,128.1508406433697,0.560028028701104,-368.89966120631186,2.744148352119136,r
34,/home/tjc54/datasets/SCC_YM/p1/2.6,0.00022271168748477454,529.7333910147574,0.48105615888418013,2946.750959394069,1.2299283420790499,3044.226506164886,864627.409242186,6991263073.932935,-64.83405728775382,0.0015105628636999154,5.661727567774761,823.61071236622,876.8640472425752,149.0983743213144,140.00559425729278,223.51389802055888,0.5144805975198533,-359.4679999834372,2.713273750997519,r
35,/home/tjc54/datasets/SCC_YM/p1/3.1,0.0002656091589133619,567.645374958752,0.5286263516779666,3126.2255770661855,1.2696901668717337,2802.2849444839503,1419956.943727186,9774782985.821312,-55.591037753443075,0.00036886283123674466,4.128068508725102,737.8960049882016,590.1600858259998,127.7525516730194,104.82132140252628,235.50936610214976,0.6201038845186044,-757.1076113719054,2.479400685348214,r
36,/home/tjc54/datasets/SCC_YM/p1/3.2,0.00025730811945409477,494.0797397666115,0.5483576931280654,3092.0771019805256,1.2234397100485896,2308.579033383668,1483890.9470414324,10269585454.5345,-59.6202133331909,0.0004234013805777896,4.015162002671496,744.1744643751551,675.9891138287164,134.57961758673093,119.26270449319235,172.80514536937483,0.5646419782352488,-477.5382583863486,2.6758089239296017,r
37,/home/tjc54/datasets/SCC_YM/p1/3.3,0.00023916832684764476,550.155174268196,0.49184789814348967,2959.2437489559584,1.2832297549023182,3371.8111051146693,1137698.3284221063,8772368697.349571,-55.45857183799721,0.00033709734606268753,3.734697160415443,723.5749983880678,702.1515075251945,135.22801904307494,123.56729312085562,339.72610604474977,0.5248000358834237,-1319.410828844963,2.8950292252156347,r
38,/home/tjc54/datasets/SCC_YM/p1/3.4,0.00020851594566619576,442.32976805172393,0.6421351404424271,3979.571397714158,1.6559080369829984,4130.61177461041,2429846.203635008,15316499422.816189,-57.653824114544044,0.00033767150383663143,3.9704051389365373,856.4697540655255,686.4907902836876,143.0221815786666,113.55160000387626,597.3953451383973,0.5000947039847908,-2058.8420728154506,2.927236144349618,r
39,/home/tjc54/datasets/SCC_YM/p1/4.2,0.0002385355629502837,479.1603072303448,0.5535050634801258,3274.4307207320676,1.2037474914782473,1927.5087032529032,990696.0404173625,10060266721.56232,-70.80713342183229,0.0004211549686636196,3.4188826632087723,727.1979272746241,755.5128526624854,131.89425850366678,127.362235746696,94.46143038652747,0.5807778063237773,-157.09640408485046,2.558663637631675,r
40,/home/tjc54/datasets/SCC_YM/p1/4.3,0.00024480180265696086,596.2810544507159,0.4302232443666324,2790.002701220097,1.1708958081877323,3135.377809348702,1120195.5101587127,9258724877.074322,-58.5957099506572,0.000355237393721984,3.6643588463434846,676.6822742809379,721.6660770395254,124.83938726385006,124.87988110740955,201.02001370477802,0.5752120783116222,-830.1603894318486,2.6901873020033715,r
41,/home/tjc54/datasets/SCC_YM/p1/4.4,0.00022681523895285536,532.0387937362316,0.4802310370400239,3022.353967602109,1.1602253028437333,2417.600158827566,1197731.556574144,8954350866.007359,-74.0782158321654,0.00033580185427357017,3.2735519993266475,866.9234420563837,953.786311560172,156.4601386556701,149.10414262886965,468.0019362578328,0.4259936067053287,-1259.3806471868104,3.0767168360274493,r
42,/home/tjc54/datasets/SCC_YM/p1/4.5,0.0002319612641706875,551.9667492954643,0.4595685842416425,2892.7311143893367,1.2528183870261402,3453.2673078866455,1082055.6351604988,8615940464.978298,-63.983842617793904,0.0005125978296367528,3.798989142692424,732.5296540032223,806.582619315179,133.30235651725837,134.95216431262855,222.58952066407326,0.54615465530348,-873.0608701174474,2.779184747527868,r
43,/home/tjc54/datasets/SCC_YM/p1/4.6,0.000231905188588455,478.54146050781554,0.5653329078465158,3480.7521910587975,1.190877358464763,1523.6034138871773,1077768.826361267,7941656991.081996,-75.97587069947777,0.0004247241991062265,3.433555741874361,726.8627991096897,866.8016944064982,130.9016301248767,138.77048670401905,248.02632346730914,0.5418207838454135,-925.8388623531564,2.6850708444790716,r
44,/home/tjc54/datasets/SCC_YM/p1/5.1,0.00023237966553858475,556.5643966455896,0.4693134703640645,2993.312202200883,1.1955514168163281,2816.591369417225,1322598.7560498472,8616474534.173676,-65.02798895990006,0.00031968371840223356,3.5451164564060837,889.4123091152549,898.3292571734871,160.93434776753358,138.57788772364975,47.80625152666449,0.5139083207958,64.32934394512301,2.8704944558400287,r
45,/home/tjc54/datasets/SCC_YM/p1/5.2,0.00021279633803659393,467.2023156254434,0.5858433194768509,3678.0047963999964,1.5330100337113761,3899.328917476205,2011294.5745004974,15149087081.837275,-60.56116818537216,0.0003258413712300374,4.0164490782450155,749.4842893652028,783.6247824359012,134.21997797359592,130.01016929354546,185.48790860179756,0.5681885508357961,-508.2495881970667,2.730089216781546,r
46,/home/tjc54/datasets/SCC_YM/p1/5.3,0.0001856736885782438,466.2874811986005,0.5713118811522802,3881.711693865188,1.5729457070825303,4131.3589135768125,1400115.847691454,8444875329.048729,-66.62031060323389,0.0006124281971643215,4.980799738744408,806.7515954391546,1291.896110503499,145.08334643895472,185.26991555448203,464.9858168213011,0.47527908688453796,-1786.228728950431,3.174960060175382,r
47,/home/tjc54/datasets/SCC_YM/p1/5.5,0.00024263897825555451,526.1008205396305,0.4807936675855497,2892.2042814931124,1.2196839478249226,3018.9179604218707,1032057.8060819707,8822604568.840073,-57.00518504355832,8.268426962603294e-05,3.123523918608425,798.4272370182437,668.9927748133593,148.8182477460836,121.7379602438954,278.73553287945896,0.49287252220862177,-758.6097177019219,2.9179011311104133,r
48,/home/tjc54/datasets/SCC_YM/p1/5.6,0.00023635936511413105,468.9509126356031,0.5211566777346717,3364.051342770295,1.229950538569948,2306.2995439119145,1129295.9452802325,9760807584.681864,-61.96607870308613,0.0004409977978642529,3.6125313062290143,1018.6700858062345,764.4539982438068,165.83915150894074,131.54193746257707,237.96845773090433,0.4974920539347502,-503.84559171976116,2.7959789030748916,r
49,/home/tjc54/datasets/SCC_YM/p1/6.1,0.00023200262329973128,595.3788545758459,0.44188007939785556,2085.251507267492,0.7264169732836927,191.0436438192046,2672166.8725229064,17584779977.653,-71.52974059864235,0.00013025813518455665,3.1438477362605406,846.5332648429811,-1040.595135246553,139.44477276102532,-179.97445509939863,132.11207856823782,0.5872940595424099,-1277.676359428854,2.6881719908843476,r
50,/home/tjc54/datasets/SCC_YM/p1/6.3,0.00022472782971064243,484.2764606753529,0.5384284346560605,3162.879875136132,1.2163031658286463,2260.1179742445524,1275573.1613512554,9979725658.055595,-81.74648170258521,0.00035107949310661383,3.2209724441496963,916.6366864678757,863.8254813504518,157.30507454334867,134.55015943527266,175.48297444570474,0.5331227364698079,-712.8743333306697,2.7002064596180255,r
51,/home/tjc54/datasets/SCC_YM/p1/6.4,0.00023502738492420808,465.3540727888949,0.523316049119975,3421.2773550467637,1.181726543451472,1846.0065996052117,611583.7625917149,2851089899.6618295,-74.275429845179,0.000577992618498007,3.66534560602123,945.7481098710693,807.0840337585058,162.42509036291943,130.09011002678773,439.773820636689,0.4523042579863525,-1426.6719878806903,2.9635477813411994,r
52,/home/tjc54/datasets/SCC_YM/p1/6.5,0.00021087197276572345,462.0969669162066,0.5428814834074769,3753.708936298161,1.3480498508881649,2687.638003547342,1034232.8734455649,7288328881.183653,-64.96987520325634,0.0007402276683058729,4.552146178947426,910.7015118199716,736.9498154823833,158.8424549132974,127.45098922717406,261.98211407078776,0.48213975435402956,1.9008194877622768,2.8640393255674446,r
53,/home/tjc54/datasets/SCC_YM/p1/7.2,0.00026903437683405514,575.9896403333115,0.4737963438314975,2878.7865793922992,1.167120064081002,2667.8031826037354,731914.6470031585,5867615855.586231,-39.61054679651745,0.0007120827375006524,4.246685842935187,637.1608479195364,523.5828743342702,120.78707882229614,106.26036977966311,6.1502540933659775,0.6350066047245433,467.68333517567106,2.3480849910980077,r
54,/home/tjc54/datasets/SCC_YM/p1/7.4,0.0002525531684359909,515.5014681730378,0.48705226323842277,3162.956470682422,1.1925021130047462,2480.642327448163,1363343.177458233,11719185595.9137,-66.8744682679386,0.000419310310368255,3.8885948884547386,849.0203000414054,751.2975355008596,157.20369369338175,129.67891756880348,320.0702960207395,0.4631322613030157,-1285.7804825157507,3.1618213636384156,r
55,/home/tjc54/datasets/SCC_YM/p1/7.5,0.00017055887772813926,382.8428136285389,0.730924727404768,4425.344874565489,1.904922049163619,4966.633699505316,4114923.2633243604,24317906484.42974,-71.98184231599437,0.00026482819619194105,3.844447581685544,829.6901211942129,905.2599881401728,136.1885745810213,136.56545563080192,81.71340385615076,0.6142425995136053,-166.1308440956525,2.5325029812425277,r
56,/home/tjc54/datasets/SCC_YM/p1/7.6,0.00024873973787757967,536.7550796347842,0.4709924979819365,2982.4323233964556,1.1664985076234926,2581.615753735993,1013163.5090580976,9416487654.322441,-61.35461610055132,0.0006674764324638611,3.712958394245414,823.814130059923,709.6952933595802,149.4050861815076,126.6724929958104,252.13097938293785,0.49922822943065925,-728.5989194334803,2.918332776487992,r
57,/home/tjc54/datasets/SCC_YM/p1/8.1,0.00021725645735608005,574.5884963363878,0.43122723799087986,2455.2313338696813,1.0284732672786658,2322.736900432606,2371616.9324114677,15483307253.795876,-51.915690001060106,0.00014250203986206967,2.8496285324170687,628.4371763870249,23.35712636694916,118.27159493655007,-51.968967520253955,-68.21443736966903,0.599967651402961,815.7081444676899,2.8060558875892347,r
58,/home/tjc54/datasets/SCC_YM/p1/8.2,0.00020098866724233013,369.05046393525737,0.742346642938279,3921.393706406917,1.3796020509174847,1176.6495574267256,1417949.463434596,7053345828.547538,-74.18854596876601,0.00027435309319394607,3.5808515966868564,910.4094866295966,772.9905794242966,149.97772164974813,126.80325524642865,194.7355697085439,0.5516821610303431,-682.5599154707572,2.8399263522476446,r
59,/home/tjc54/datasets/SCC_YM/p1/8.3,0.00022214304078480875,571.0377960267256,0.4265141868705258,2515.7418999467804,1.2450867981927534,4032.8389906310385,580743.0618069511,3896242469.718686,-70.93669581279272,0.0009444881759619514,4.2340718829306,873.2354222448582,821.02740890909,153.98605888354587,127.38344134861543,345.42056062354794,0.4937876885030136,-1259.7082654636363,2.8097887416944753,r
60,/home/tjc54/datasets/SCC_YM/p1/8.4,0.00021041656022718688,433.9688235117936,0.6417641502124305,3864.7014603676107,1.416837205299785,2335.8829803312237,2608948.717931129,16666083049.569258,-71.93025383028875,0.000326401182843308,3.9700942866854607,852.8607055576732,806.7896582773459,153.22103359362495,130.57150073541362,333.70306623006206,0.4768300399824561,-2124.10629010925,3.3980194706762346,r
61,/home/tjc54/datasets/SCC_YM/p1/8.5,0.00021901262181873028,493.54635968923856,0.4780131369588967,3562.4911608542293,1.1990849080612391,2206.0830079645084,1199141.8579060333,14072028762.917334,-72.88498665997712,-0.008546379243279093,-11.044448818374567,835.610182898258,718.6010147855241,146.1832043667602,119.62211805629232,331.1926813404804,0.5179808528579407,-897.0177378462374,2.688090565557169,r
62,/home/tjc54/datasets/SCC_YM/p1/8.6,0.0002490426722251751,496.92090991267935,0.5557326926876305,3262.417458532933,1.233826565723613,2162.333525754926,1230293.6265518453,10714833883.434923,-64.20256932461359,0.0005441531327543068,3.9722649478332306,730.8792434038068,674.9183869500088,131.41140765828362,118.29876354637264,138.78500382260202,0.5900438431898857,-444.6606248708172,2.5977550944229417,r
63,/home/tjc54/datasets/SCC_YM/p1/9.2,0.00024979583663909934,510.87757078083575,0.5592620682803061,3610.3577706799874,1.4002654021247833,3117.6689000758292,1329033.2964420314,9219945882.54723,-40.18621012919441,0.0003833666933140552,4.105694229899063,693.3179194459677,515.7905632386261,139.10502687036538,104.76135696968787,482.9740261921998,0.45679721316151517,-2085.8442745190305,3.430886091735123,r
64,/home/tjc54/datasets/SCC_YM/p1/9.3,0.0002614337665445457,526.4955774448948,0.4928507087389457,3175.6543079884714,1.1768563178467772,2296.3905648741784,951424.5149516768,7971189197.772743,-49.93510859371204,0.00044283014612121947,4.044337110922877,787.718413674719,636.033219207806,146.42660759100633,120.95843116089353,167.45127883394636,0.5262281052801286,-532.6816792751894,2.86566035425929,r
65,/home/tjc54/datasets/SCC_YM/p1/9.4,0.00026241187900056807,537.3426077100178,0.5539768751602568,3074.5173725846867,1.2951094544923507,2854.5432620720626,1256596.8470411422,8341187021.082396,-52.74318333108873,0.0004177348622520157,4.041693033907334,749.0192561292179,613.8904800242615,131.91755248198297,109.11994931924718,295.6854986554157,0.5656779698550001,-1196.0666454117284,2.7676942053387656,r
66,/home/tjc54/datasets/SCC_YM/p1/9.5,0.00022491192984115118,576.3075945039673,0.4265244489089695,2636.2271773094617,1.165562378479565,3276.0762592553024,547852.9686958509,3525942633.4672365,-78.96351030857697,0.0002414598674476261,3.2389387923050816,927.0880785053034,984.6054093695418,161.28340162289894,144.12982974496933,211.34177624298923,0.49919647312555265,-605.6853845597927,2.761121032212767,r
67,/home/tjc54/datasets/SCC_YMR/p1/1.1,0.00020072557917492846,343.4806894026653,0.9478356515076621,4572.561343182396,1.7042227825900944,1478.535705477062,2496886.755456483,15544522121.983957,-49.62264026222353,0.0002543580985907527,4.957585198296137,723.0037104654723,569.0638067658056,126.21414080397457,114.63515867387832,85.16315820540783,0.6272882331434536,-1088.594370504888,2.842993461346823,b
68,/home/tjc54/datasets/SCC_YMR/p1/1.2,0.00027967835975562167,314.25977139217326,1.0112629121096797,4556.739973485601,1.6706847950725114,718.6350902170516,1800735.6324303788,6582794656.181065,-45.529506109700336,0.0003308139529416254,4.614261491655187,599.15405220651,530.1249673071161,111.20171989057303,105.42300719659256,-159.09131857386168,0.7480551745206342,843.5029659964913,2.0499133449586666,b
69,/home/tjc54/datasets/SCC_YMR/p1/1.3,0.00031244487466816525,400.02344834831797,0.8938795825486544,3686.603099673694,1.4989079199129196,1153.6235992404295,1272661.4803005508,7615921088.49403,-40.02619304192654,0.0003428144821116371,4.298452259602446,588.988280255357,518.0413870466941,110.3135596221441,102.57248168027317,-126.43888572643733,0.7545871990613896,490.2194921837134,1.9868292083602201,b
70,/home/tjc54/datasets/SCC_YMR/p1/1.4,0.00025224066250696426,402.1114186445826,0.7378811586369478,3816.552054620265,1.4399430595488432,1799.9431526748967,1500799.1616410736,5767522438.1652355,-48.08396826558865,0.0003794152322000674,4.235482788863338,665.2895109745685,604.3998276019632,123.30954921410819,117.54631889053098,-191.07822274689593,0.6886759834718488,1122.416773163306,2.27486824722007,b
71,/home/tjc54/datasets/SCC_YMR/p1/1.5,0.000293674555784289,382.804465542333,0.8023225468880681,3657.3077246089783,1.3626314391788232,825.1634137170613,1292221.8445319673,7136008097.8302555,-45.19469914320946,0.0003623436618522747,4.26937747670351,621.865628330794,560.5967685551124,123.99978634031929,110.17427013571444,104.02818073678976,0.6054000357403373,-951.1216679829279,2.81386659780068,b
72,/home/tjc54/datasets/SCC_YMR/p1/10.1,7.754152865441729e-05,149.22125183724685,0.7492538544540799,-11717.067359773653,-9.123672769305083,-67266.34563029965,-12695734.972083325,-73591149178.40906,-54.42842126317908,6.773760832257362e-05,4.013560347262846,-357.6103910159111,-8667.336696638962,-10.75441059162597,-1101.975446142203,-1081.6314261863033,0.7553368213042989,7258.640657156375,1.9652950711317048,b
73,/home/tjc54/datasets/SCC_YMR/p1/10.2,0.00013619764815283277,326.7402988550349,0.9618245981971083,7730.442644354451,4.038932159178282,16886.417843494943,6254828.343724601,36832619031.6557,-42.25849865678974,-0.00015340777743141714,0.8153175034402784,669.877140146316,2817.0086960053727,132.07406368970618,626.6857179929821,358.6174932691916,0.68546523482047,-2369.7837719957593,2.425317309700449,b
74,/home/tjc54/datasets/SCC_YMR/p1/10.3,0.00019185436169991376,382.82836824661706,0.7577257125707199,3813.675992159023,2.2183212787157904,7871.088537001542,4195460.8479889985,26914067327.6576,-42.05352209236122,-0.0009578474498154818,-0.5057668997964373,622.9378761456501,375.5096058472865,118.2194783555393,34.60441754021241,-0.8170903938880162,0.6788046627087917,-178.43587298769714,2.352162484991264,b
75,/home/tjc54/datasets/SCC_YMR/p1/10.4,0.0001817682821205416,267.95342407627095,1.1289483912851548,6363.548365579165,1.7062832703804578,-1744.8693328167374,2859022.7361380425,14981628305.327589,-51.22421792819911,0.00027414407507505965,4.48808997709762,665.8072257331161,592.1298036886961,123.77619199549417,96.61542238667289,-71.57664318337218,0.6744561517070864,103.16124320861454,2.3958625643850455,b
76,/home/tjc54/datasets/SCC_YMR/p1/10.5,0.00026083369809297517,250.70447521525517,1.2869193416865483,5252.928279558922,1.8277766704457254,-926.0696494855074,2362706.6958790068,7832036174.254164,-37.93834521452331,0.00026974648052396314,4.385866387307372,551.3981907470786,517.6777916812321,108.75413718954547,101.49933966297743,-76.49963756308253,0.7046421909632535,1195.9686735572063,2.222510525782228,b
77,/home/tjc54/datasets/SCC_YMR/p1/10.6,0.00025181451735655115,287.521646324852,1.011893091039377,4883.307345203741,1.63692202321625,116.92411221123984,1922627.0655499513,8782960608.100664,-45.42276808753096,0.0003977354148350613,4.380730906384741,618.895333567985,570.4977269459022,115.14971428615273,108.86259686736858,-232.07493413192205,0.7347453489193849,1215.8874361846101,2.06747611385392,b
78,/home/tjc54/datasets/SCC_YMR/p1/11.1,0.00018801143400838256,282.07359435805927,1.1707864446327885,2531.5131771079195,0.021327795372627523,-11727.182371189212,-70169.15031703131,-4196400498.4562306,-52.14918511010174,0.00015062174533867195,4.540861930292511,598.3031539531994,1385.780600306678,112.99881520567845,182.16257073684952,214.33861463372196,0.6394013426387135,-1558.6811870028898,2.6606546771999047,b
79,/home/tjc54/datasets/SCC_YMR/p1/11.2,0.00024234236074016004,452.7500939528444,-1.8703118589104806,-45004.13616691088,-26.363664189626434,-150942.68247881674,-5385462.664531549,-23638961127.39464,-55.49229687669126,3.4993037376099735e-05,3.0791598120223145,1377.7720752381992,10250.219659155115,20.547055743615175,-488.40583840992224,1218.226158188227,0.6279011069459994,-9928.950940171339,2.782859009051785,b
80,/home/tjc54/datasets/SCC_YMR/p1/11.4,0.0002386443096131168,249.50563053264398,1.0776667474751762,5104.678175338786,1.8867347437025817,1367.8657944804554,1919091.1108902083,1640891547.2491808,-49.66972651955814,0.0006777807583233841,4.916847484579142,610.9284642214008,570.5702577742651,112.55136020700807,108.04957786573502,-251.39677595718754,0.7528339047921452,1652.484078812159,1.9140256793044812,b
81,/home/tjc54/datasets/SCC_YMR/p1/11.5,0.00020715953647952733,260.3107498801395,1.1346863602369899,5720.237783752729,1.915346165384534,525.0406574276221,3059195.562719189,15352723573.953358,-47.86841260238547,0.00041399056709251144,4.695295710441094,622.0545850028094,594.78014420684,116.49545060459484,103.80015552321038,-85.78431812781527,0.6958418962331584,1145.909412002522,2.2121205425619594,b
82,/home/tjc54/datasets/SCC_YMR/p1/11.6,0.000288749600704633,271.6246530237771,1.1466185483980773,4609.172168100604,1.7477969236483726,200.25483390175214,2587684.2267582356,11439613698.939152,-40.259547582541735,0.0003118891453690104,4.358504232965089,577.7927991777942,497.4316925319275,108.19924505982723,95.93068840689766,22.382135120167153,0.7161265947889025,185.48084481332933,2.189230462084927,b
83,/home/tjc54/datasets/SCC_YMR/p1/12.2,0.00025019539621570606,216.9960935017663,1.1982908495140074,5270.063421630743,1.7621805168898386,-758.9460826240938,3631056.053382016,18875277745.65339,-53.64477420388921,0.00029835115017146297,4.306364952036166,599.6668935581058,585.1973768393497,114.16855108245512,109.73753027876627,-149.42090912287233,0.7007232728067423,1100.9987781696393,2.257923518210625,b
84,/home/tjc54/datasets/SCC_YMR/p1/12.3,0.00017137166090765488,268.9313905609484,1.1788395712426278,2738.4499648489527,-0.17178415051502463,-13543.439738910176,641220.8361735555,2868714483.9515643,-42.44638416489668,0.000156720563126167,4.199411244557282,540.3432321747794,1228.476934293676,104.32667586499647,143.84755120311564,-296.27608068811116,0.7571153205085115,2118.5102729595674,1.880543141567179,b
85,/home/tjc54/datasets/SCC_YMR/p1/12.4,0.00014926723514583896,256.2448098072151,1.11682419444207,4000.9134890535006,1.0882914612486994,-4229.1753546004675,-354482.14696370566,-5792667357.110065,-46.44587145953478,0.00016011370953826807,4.019556094681313,597.3719933406487,933.939539365067,113.82994302371429,127.05151421095356,-248.85414452707076,0.7003001009800337,1208.0041126892484,2.2829645401024816,b
86,/home/tjc54/datasets/SCC_YMR/p1/12.5,0.000264286533392412,378.16229587366416,0.7662546490689023,3643.0814273562128,1.4160431635373487,1555.2266883913562,1899722.9078658486,10036715925.9783,-56.659420248794724,0.00040888209163157424,4.0472988866167805,682.912977530683,650.6047068502932,126.09120141692401,121.36124505026348,-212.01021424563046,0.7139221167977448,1046.787928282612,2.1637255731897933,b
87,/home/tjc54/datasets/SCC_YMR/p1/12.6,0.00024704322307907877,322.01137981337024,0.9065811995943329,4259.909440102918,1.6243902795889589,1482.5631998540866,2439539.5642392803,12956636502.359787,-58.750558030182034,0.00041892083484668666,4.257227559235563,582.3431837673104,638.3447676535088,111.87819333413935,119.01574588944632,-268.0391099806496,0.7330051377729687,1475.6341515875401,2.1062580062940133,b
88,/home/tjc54/datasets/SCC_YMR/p1/13.1,0.00026867834664340604,350.2674766755599,0.9223952321231268,3795.102419696706,1.5145056202345806,941.7806851949217,1736723.448874332,9205307034.223545,-56.10088254891288,0.0003424656353951962,4.214574060551351,655.7956016812386,637.8731561597469,120.12796701771555,115.97206273418836,-35.09131315761874,0.6757637421718607,190.12131788332547,2.337059809455897,b
89,/home/tjc54/datasets/SCC_YMR/p1/13.2,0.00019905631688960017,396.3457091163778,0.7551579479090679,3894.095264136063,1.4202520597816863,1426.657630844883,701092.1587651446,3176621311.109343,-46.82064098289765,0.00033598134084089057,4.117354138515219,669.2674532185174,539.3341257871855,128.16824367928373,71.97456735920852,-589.9417561082167,0.7256938575758843,3061.2273064531164,2.202329323432082,b
90,/home/tjc54/datasets/SCC_YMR/p1/13.3,0.00021750238759224612,235.5300762626112,1.2078602042454853,5343.581153413933,1.6069704448746829,-2150.6992283803556,1344937.2329569461,-179462176.71609688,-38.54828933469822,0.0002451208805628648,4.204388358729803,612.3762709726791,509.1505461644699,116.48929230894457,91.36670450334992,-199.11458444234466,0.712751397533248,1591.098795901463,2.1899544994682296,b
91,/home/tjc54/datasets/SCC_YMR/p1/13.4,0.00023365927375423997,292.18689528323773,1.022417091957727,4065.8859297368385,1.6319711471300107,810.5465116414307,2508301.2289846283,15276416903.87818,-52.24564404418073,0.00028717116922567727,4.299173753481881,688.6299808567834,574.1096621930939,127.74199626003717,106.25493754403219,-29.795128556192928,0.62862109278986,386.5032133440934,2.517414690338679,b
92,/home/tjc54/datasets/SCC_YMR/p1/13.5,0.00021165536220561448,279.92687261577663,0.952017705056437,5581.704205231699,1.6917706746146401,336.3195512339262,2523256.9431882733,6742839947.505975,-53.07365359703438,0.0003684311773924328,4.3128157415061565,603.9128704666916,595.3284823098412,119.98027850028586,111.5924832045013,78.24074671246686,0.6224678723568426,-530.8823881251659,2.7793774123497084,b
93,/home/tjc54/datasets/SCC_YMR/p1/14.1,9.962066932084003e-05,267.5887092859851,2.0283262508245774,25742.174410349613,13.885616497226836,69116.14756086846,84304362.35302773,458016939888.6435,-92.98804633212994,0.00014130491115151784,2.883118040978589,-888.4628587214165,-11689.055997866868,-197.45288158023013,-2740.7403767941787,322.8819635242902,0.5223889499108725,-9121.489405764476,3.8901802079440766,b
94,/home/tjc54/datasets/SCC_YMR/p1/14.2,0.00020049004571646731,241.41695958617535,1.0854261175166684,4829.384287106872,1.7484331435442877,474.67192111408076,2158724.821688395,5916429546.326166,-49.852837698088535,0.0003362880121079981,4.203511489428581,608.4761001252889,607.8257838737767,118.13410833111871,116.53198396833082,-134.19828502406565,0.6675239909620604,735.3200518092772,2.5369193165174186,b
95,/home/tjc54/datasets/SCC_YMR/p1/14.3,0.0002536337030493609,260.32082454838815,1.0613995841976116,5237.099821046226,1.7734438897247677,459.2546231710194,2598793.0298241857,14332997384.33825,-55.19562110631904,0.00040191767964467426,4.392979948472851,686.2349204575388,607.8557495579007,122.11892982179037,111.02223084746939,-23.849243245950234,0.674100173438817,172.56993682396669,2.3513647442152523,b
96,/home/tjc54/datasets/SCC_YMR/p1/14.4,0.00026458029442570977,378.6803511776038,0.9174058261287854,3136.2859448683175,1.3107349963220278,10.347416677621368,303342.4222810214,15139808.215575457,-38.00682998757487,0.0002644780950702145,4.13482683599855,549.5279636256405,458.4687815199776,107.5925136488503,83.40065744347109,-331.2144674034169,0.7734022363501055,1306.329817892586,1.9143164191760218,b
97,/home/tjc54/datasets/SCC_YMR/p1/14.6,0.0002653295261783499,442.8026332280915,0.7456331636778717,3333.292983004404,1.3578759230358737,1564.6490918596114,2471348.521569874,14895399366.452229,-64.83756072890363,0.00036520006022064026,4.093093689581217,775.9728779152189,672.5811910366424,134.5541178441167,115.60434404294453,128.9448091495508,0.6285627512438301,-462.51508041260007,2.4008148859889475,b
98,/home/tjc54/datasets/SCC_YMR/p1/15.1,-0.0003244213357541413,-462.29167169010867,-2.200837373410572,-52122.35846934351,-30.73128987023431,-176121.26150524637,41200727.278790034,226755673857.49036,-62.35385541197169,4.378012071495693e-05,2.8873994667884424,-416.5433880893768,-8957.484545785072,-62.51761222683359,-1468.307228030284,-90.65058000281479,0.7473243441657159,-3633.4183375151592,2.1728319872631974,b
99,/home/tjc54/datasets/SCC_YMR/p1/15.3,0.00031101950891253266,310.81045893998873,1.0522860915432386,4548.73432330804,1.6400452442514788,153.33889835787977,1762013.0929434886,7508843702.81035,-54.300182245223326,0.0003622894548687515,4.566807275516573,652.301871125336,592.0341562317285,115.0160608007797,111.81844342013193,-181.9139017151586,0.7541892502522864,1123.3786845124275,1.9428399703640753,b
100,/home/tjc54/datasets/SCC_YMR/p1/15.4,0.00028127364126383724,571.4345280079982,0.543038042975929,1487.3807518079643,1.073627135195396,2757.331985947772,1040249.535695627,6826850556.93659,-52.9877160853294,0.00014331160007327346,3.0218993293135124,648.7657988882677,661.8880518363393,120.76752330576218,125.37943032524286,-333.25262996410476,0.7728206876923256,1314.0271063390749,1.8770386809174535,b
101,/home/tjc54/datasets/SCC_YMR/p1/16.1,0.00027363479381634813,270.4956759736657,1.1528890742724425,5450.989102908656,1.8204366755715822,-110.6082925155406,2121279.0035533104,11112300544.444754,-54.22855285990482,0.000343628228355813,4.53683468416066,633.503854922131,590.7531095949093,118.33192550947861,112.33176258185256,-229.86461538492452,0.7285921943662912,1201.7084946632565,2.120242782112725,b
102,/home/tjc54/datasets/SCC_YMR/p1/16.2,0.0002454041426129598,293.1069120380379,1.0029271956290262,5080.957134495287,1.6580775390627964,160.24561297487344,2245947.894517746,13008327574.69675,-46.0772231562233,0.0003468135851016544,4.449544974681308,605.6956392220433,572.903058915301,111.32112614128609,113.09446307690563,-244.52600126278736,0.7561552072757658,1571.7344077798373,1.870745811816629,b
103,/home/tjc54/datasets/SCC_YMR/p1/16.3,0.00029493525756135876,316.5010719571586,0.9998679996682893,4134.564556903308,1.580402128142967,509.7084708941111,1948637.2505632578,10093821626.58287,-51.71916356446491,0.00034148043580740965,4.480148743286785,604.9884480315505,590.978839661612,115.77867707223447,115.23473858806796,-180.5072749814505,0.7440516468635606,763.0029057088394,2.0242710252302514,b
104,/home/tjc54/datasets/SCC_YMR/p1/16.4,0.0003235958220198272,369.45156559911095,1.0281387231310626,3694.20626388309,1.4699493264463626,-159.7214373606903,1360246.5984219138,3184207622.1299696,-38.87387416278556,0.00033159431728589276,4.1816158907571594,512.2298767333309,465.81008529408956,99.5383256787441,94.95380408832148,-204.40888979757193,0.8122438237532295,948.5986335185347,1.6868453495680606,b
105,/home/tjc54/datasets/SCC_YMR/p1/16.5,0.0003274514892181274,557.4099225535626,0.5664087193571328,2338.560297963333,1.024403962957054,1325.4016508360357,444662.2012540529,2079553787.6917145,-36.65886755007611,0.00048423364054738736,3.4348746118347706,569.9021306437936,502.2101294739985,115.0977697551032,104.21140986436895,-70.16006113922387,0.6883001625271167,198.45175662895824,2.2085545637131854,b
106,/home/tjc54/datasets/SCC_YMR/p1/2.1,0.0002412788139274227,424.9379611270804,0.7468040572739928,3885.8187201996243,1.594503056185057,2895.7732710888877,3170361.756384625,17844246899.08491,-67.25100462973857,0.0003280527361569975,3.9556462422873278,795.9932528498456,711.668131203289,150.2247688812941,120.5837711854654,-372.3678633309934,0.6339784837772304,1657.5505237662906,2.665453628852945,b
107,/home/tjc54/datasets/SCC_YMR/p1/2.2,0.0002298516199352188,267.9106269423655,1.082058896437974,6101.450762017683,1.9170250666994328,578.2786000739852,1956763.2961141607,8850637811.54525,-44.14418066953317,0.00032630635360740925,4.935386524167113,597.8049631801985,581.78938303238,118.0935905264944,112.74030109746246,-275.5732172916614,0.7330762760272723,1545.718261548421,2.0961370159666477,b
108,/home/tjc54/datasets/SCC_YMR/p1/2.4,0.00010968635205784347,217.11686215651358,1.1881625638767663,2614.682143967635,-0.3120169757385107,-14616.118460889851,12600861.001912203,69284529755.2531,-46.74912137220004,0.0001671769763484617,4.3402382362113325,430.08049472096536,-1807.3295652563722,91.77656993678069,-164.00095108055052,-318.1937893716816,0.7336084338035169,2173.6442462838704,2.0899709518273353,b
109,/home/tjc54/datasets/SCC_YMR/p1/2.5,0.00018525847526671964,323.8747914524481,1.023250999157239,4064.6192316286024,0.9999380344469154,-4251.122949311193,1377673.7801495492,6844509856.783007,-38.04865665601986,0.000198624773517806,4.050320352842504,549.0198879142329,672.3281262372385,107.75439863291386,106.0239872522423,-574.5137644840208,0.8032527922425008,3248.9131299296705,1.715401814310646,b
110,/home/tjc54/datasets/SCC_YMR/p1/2.6,0.00030595172098990157,321.7767856620742,0.8796673046792248,4402.746859810828,1.499509916292931,555.9940330988211,1853134.9076829404,10771730666.800169,-43.910477138587815,0.0003745810532140939,4.114918692905457,593.3862439763894,558.5294974635934,109.40108091937556,109.38330206013677,-363.931754854743,0.8017681226697357,1810.8872260561543,1.7665139460012291,b
111,/home/tjc54/datasets/SCC_YMR/p1/3.2,0.0001657850919671019,269.37050016167393,1.1157545626737473,4747.735647654631,1.3906175796666658,-2548.831511711285,3474381.072706217,19270790979.491295,-42.51985822942454,0.00021643989081248527,4.2620728114261714,624.8993022135794,860.8918300984041,115.8715956403126,154.98407015816912,119.7031788618576,0.634015437951909,-185.59019189321867,2.62012699299292,b
112,/home/tjc54/datasets/SCC_YMR/p1/3.3,0.0002812350882383289,509.6084135785426,0.6749892848079758,3441.864499921954,1.2697037590230549,1315.8512937986761,540583.6990236741,2590410922.500867,-48.12535379824309,0.0003141599177088272,4.643599415955905,594.2850046817061,553.848340288019,111.68165445338104,102.60484539904024,44.154581823396555,0.694369532479765,-405.75636399059977,2.2832068714366858,b
113,/home/tjc54/datasets/SCC_YMR/p1/3.5,0.0002923747117511445,305.1958798427623,0.9623826183330905,4054.4381398972137,1.5381801145621214,551.9418299350318,1502809.4661139967,2083417406.925335,-47.121579577189166,0.00038050490755058903,4.109141040696361,614.1136626491503,566.1047480995798,113.54945225556678,109.323846019911,-189.39528074097382,0.7474499319010423,997.501424071011,2.0058350990911222,b
114,/home/tjc54/datasets/SCC_YMR/p1/3.6,9.955889033906053e-05,262.61691895548904,0.8793458696214665,5149.943230917334,1.9894869439610363,3731.1853637992212,38242315.06288436,211390598816.49365,-66.13206502610204,4.531129758047401e-05,2.2010500174472667,487.01616347316815,-529.5037740108553,93.14457693248156,-64.11234978644865,443.0032915052264,0.5447854042373749,-11726.528611441905,3.8891416565495773,b
115,/home/tjc54/datasets/SCC_YMR/p1/4.1,0.00025236278932707794,312.34915799441086,1.0373898069475505,4049.3123570553607,1.6461448152953677,820.7277097271781,2215295.6616564533,10537149587.7557,-49.76276396893231,0.0005940339229526498,5.238180154846907,628.9358495746135,578.6127464257174,117.66345485479964,108.0154829970962,-384.10866688118125,0.761619548516677,1771.9468156796727,2.065574562702675,b
116,/home/tjc54/datasets/SCC_YMR/p1/4.6,0.0002531117634003573,300.8513393561748,1.1223806925064048,4906.367247375589,1.7529110181983492,137.87535815996307,1342275.3069938829,3805597157.0163803,-40.35107728226168,0.00038487229430891873,4.962873127915935,632.6047137934561,536.8217456369645,118.37345119682112,101.59223963751114,-141.3331955627993,0.7131919785284699,728.756862750671,2.2362213669009607,b
117,/home/tjc54/datasets/SCC_YMR/p1/5.1,0.00014132255873470248,313.42986910905057,-1.8814463989619907,-46382.54675955087,-27.739838207613904,-160484.58770966443,-19214183.37034645,-102838327456.67284,-62.62698976118191,4.2834699216391096e-05,3.674039829543148,2511.2561760478493,20270.791352378965,240.80528858656734,1370.975954867936,373.3938049000611,0.6747866611271612,2729.9714480093853,2.3567981104150686,b
118,/home/tjc54/datasets/SCC_YMR/p1/5.2,0.00026708736718165704,555.4294808759342,0.822292117040516,4155.703645755379,1.4328976822433628,729.1408758673952,1060663.2281829966,7985680326.213807,-49.533554224916,0.0002730750174647688,5.97666034979278,722.5493547105139,566.7600981741676,143.15594730157153,113.06011111538358,199.4071794288071,0.5511257659854432,-1638.4983415776835,3.276169209587888,b
119,/home/tjc54/datasets/SCC_YMR/p1/5.3,0.0002569691653583363,275.10837515242974,1.0008316986896777,4929.969429899936,1.6996044928655956,660.2129235074044,2138341.7083517094,4009405939.5972223,-55.861569052352095,0.00034136096374069486,4.414252902826266,627.7075000892245,623.4162726367487,115.4972315991248,115.90040742442253,-173.98445730024568,0.7499125187296151,968.245870820729,1.9640824835569888,b
120,/home/tjc54/datasets/SCC_YMR/p1/5.4,0.00026949420127720194,302.78043629017543,1.0261953454666428,4610.070458874168,1.7047401114054004,818.2876686358904,2064800.077413106,10029125419.610353,-49.61642975311613,0.0003740461442177164,4.466998497419247,623.0320160914005,603.9461440006816,115.63212610724925,113.36927215901704,-326.5255214858105,0.7503051325820043,1825.4881577771826,1.9880755800287482,b
121,/home/tjc54/datasets/SCC_YMR/p1/6.1,0.00022983849867086944,352.48364161465884,0.9513052732639646,4327.0439341363235,1.3424741906385123,-1197.6925951399435,921097.6065269386,3228923789.173292,-47.825839071234206,0.0002407155731464438,4.200529392379356,674.7080767767932,620.8457092910814,127.09867361227407,103.39361290268937,7.732838685724766,0.6440805216732768,-401.0793711084874,2.616114313274363,b
122,/home/tjc54/datasets/SCC_YMR/p1/6.2,0.00024311199109768914,320.8823420143931,0.9012750380883473,4987.710698663917,1.6516676433512798,1015.4301434395402,1721731.5259652496,6431356773.767284,-45.102775671867384,0.0003503194234034307,4.422943894830999,631.7037149328711,577.2417815553932,118.82528470358506,111.6162011669243,-201.5332904196675,0.7164622823729432,1407.3916054644374,2.1324581000621854,b
123,/home/tjc54/datasets/SCC_YMR/p1/6.3,0.00026832226967362765,352.1954854070887,0.8377554107152774,3731.9602086877785,1.5046845075683253,1603.4725661366056,1206970.599797008,6268834295.889105,-47.99329656037653,0.0003369504324217748,4.12712242133032,641.6063780094713,581.4621030765836,120.03951229673285,111.48174656318929,-195.9960075127463,0.7047465780916388,1058.2467765610559,2.2213286338828193,b
124,/home/tjc54/datasets/SCC_YMR/p1/6.4,0.00017238193970853949,288.8401869335379,1.0410476379014497,3586.4395725742315,1.0214063238676756,-3743.570084844422,5461502.400662359,32695314676.279972,-47.32370197039322,0.00016647774595335903,4.0435745226788455,643.120295168292,-340.3866583096983,114.42007501985366,-57.71849273308894,-85.53959809677879,0.7215281987749111,-373.2572811783908,2.2612585368191587,b
125,/home/tjc54/datasets/SCC_YMR/p1/6.5,0.00014918489793069552,324.5223250526306,0.7113892449452065,-538.977050945603,-1.493606237848688,-17100.986811405553,5489521.468854469,33238233427.52573,-55.02443271577471,7.495778814150563e-05,3.6488593897709136,344.83730005475775,-5055.167098433432,62.458982525189185,-950.7404192180395,-458.8364772548916,0.6238477197270419,-1537.9907422706424,3.1194606474804947,b
126,/home/tjc54/datasets/SCC_YMR/p1/6.6,0.0002624939201234194,334.2369416299081,1.1019763152966284,4971.568383705744,1.528393625901336,-1560.2298988680886,2410317.048249886,8617724722.224255,-68.78086624612915,0.0002733011489331596,4.963837089559428,773.8859641002673,726.4295596437354,137.6267248108777,127.26988227248928,69.0325732088741,0.5898877568812083,-880.9702924126213,3.066133723822002,b
127,/home/tjc54/datasets/SCC_YMR/p1/7.1,0.00026372165441202003,273.10452381377655,1.152313334900501,5511.424960615824,1.8390128244624815,-17.829044119982427,1936620.004289124,7637755827.951431,-50.70319996124521,0.0003026954590560347,4.87027549157142,642.5430106876994,572.5902117456613,118.21618708051402,107.01268709469689,-104.9136818860767,0.7209718551767519,618.5983003891315,2.146777145054486,b
128,/home/tjc54/datasets/SCC_YMR/p1/7.2,0.00014073310051255377,260.13108836748705,1.0302392546740458,1197.854101246412,-0.5910581590989145,-14168.233411430094,6822103.922448963,41389449338.35913,-62.117216645389405,0.00011492903296568438,4.242093076094623,683.7142606326338,-370.78900975270403,118.91441853103066,-42.12921414839812,-476.13937510474926,0.7254573284765988,1767.2756453119348,2.1449008895528383,b
129,/home/tjc54/datasets/SCC_YMR/p1/7.3,0.00035038982960387366,261.40126277297037,1.271641904022258,4981.357064472455,1.8827895720057948,-92.17572060416296,1899818.1156481807,2880075340.9301305,-48.59631000649936,0.0003558781469029129,4.593379448007494,583.8225691915612,534.2378489257298,108.01903398106981,105.15085551438293,-243.55818306560386,0.7938616178903641,1380.9999254023662,1.7698450047677696,b
130,/home/tjc54/datasets/SCC_YMR/p1/7.4,0.00020250918656545118,266.75018412202115,1.0795397962791324,6016.219056610666,1.85293922749689,170.9763931313937,1524846.0346552138,6740602260.638516,-48.44307642397308,0.00036682210043654476,4.754850871152257,591.7423682047394,569.763949905604,111.26932087094043,106.20622160559051,56.734677635984184,0.6773421951495472,-239.99772429126836,2.3117219810205936,b
131,/home/tjc54/datasets/SCC_YMR/p1/7.5,0.0002445726267047715,276.5416490877289,1.1074250218639494,4643.139696492967,1.8129943468163143,1001.4149031259522,1933611.7911705694,6390972376.556416,-51.90487573099056,0.0011340119382727684,6.124075532301557,695.7805924805712,610.1931813344991,123.3363296526775,108.70180255634912,-100.00836782788315,0.7030894288090063,588.3702188488579,2.2138535227855707,b
132,/home/tjc54/datasets/SCC_YMR/p1/7.6,0.00019858091677707107,246.2337025094809,1.1946476828432702,4408.942542401337,1.579305871801181,-1331.6770307380502,1223230.1736526522,1112076745.0153708,-39.49011463707293,0.00021622250383490914,4.271527009523048,571.3317591358069,530.1727791487854,107.2814742644013,93.36365771341583,-366.216064543956,0.7885874480578245,2302.3236226985405,1.7424422982678505,b
133,/home/tjc54/datasets/SCC_YMR/p1/8.1,0.00015483619819082505,229.78660061252634,1.2602720675334664,4298.63567000796,0.23799003197516108,-12476.891954474406,-2569833.175996496,-30396071279.99692,-37.214947236226834,0.0001543110504849861,4.143729989493465,599.6761878147233,484.44807876143346,120.1044215187932,29.498517979709703,-277.02167189948193,0.6744704142954051,2667.3193707526425,2.3210277145709646,b
134,/home/tjc54/datasets/SCC_YMR/p1/9.1,7.836161024426219e-05,154.02193737255686,-2.775285205036234,-67254.6122644738,-39.93508646044654,-230023.79777880863,56195501.46063231,300379225122.0887,-48.70276913318235,3.66798857000802e-05,3.20935157766461,-1879.5337070075516,-18802.127590622145,-392.55846468712883,-4116.138066732582,863.150043101067,0.6848942641807404,-4363.1600017297105,2.2652409927937454,b
135,/home/tjc54/datasets/SCC_YMR/p1/9.3,0.00015519492752951006,250.33608862260672,1.1557457987515833,3503.437991511587,0.6605726589369143,-7464.823110028936,2078570.5193580703,9846139108.55939,-70.71860639454306,0.00016422274522439578,4.1626492183259804,749.8102665230425,1625.9901131531012,131.77527526161407,144.91498735399404,-97.54692947080402,0.6411532501546904,639.3361441619004,2.475502193034772,b
136,/home/tjc54/datasets/SCC_YMR/p1/9.4,0.00027296080146083253,402.85305510880323,0.8047927141446016,3780.9405217578255,1.473875853983858,1571.7245969562214,2560812.9197331057,14620422751.359745,-55.62658248025048,0.0003877885539999174,4.426515385585763,654.7078330798284,630.1211417759108,124.7172243105066,122.78504619234434,-367.58843372901566,0.7299225488804799,2025.0850356902931,2.0761379771962902,b
137,/home/tjc54/datasets/SCC_YMR/p1/9.5,0.00025471652475225824,350.1299362842732,0.8001139678798925,3963.0679319509527,1.5644992214809261,2152.0140968573137,2027788.3987868116,9073498317.951609,-52.2674809631243,0.0003570189361940234,4.089748561120141,662.1162707424744,639.9834740998481,121.22476619008678,121.32952166292257,-481.44765126837785,0.778851921158104,2481.022413195467,1.8357449495133142,b
138,/home/tjc54/datasets/SCC_YMR/p1/9.6,0.0002701306766842078,346.5031991884646,0.8571379316157525,4408.401065150161,1.4971289714028457,711.5272531465835,2200876.464573513,12221643180.69138,-50.96619939370753,0.00033991876714531107,4.428716945012897,646.2022549008335,622.902748424104,122.85403966582338,118.37367614099361,-456.582451222522,0.7390506252470241,2322.1223227528244,2.094412421421251,b
